activity_id,activity_name,age_range,developmental_goal,plain_aim_draft,rendered,words,notes,approved,reviewer_edit
ACT-0001,Tummy Time,0-3 months,"Build neck, shoulder and upper-body strength needed for rolling, sitting and crawling","help your baby build the neck, shoulder and upper-body strength needed for rolling, sitting and crawling","Its aim is to help your baby build the neck, shoulder and upper-body strength needed for rolling, sitting and crawling.",16,,yes,
ACT-0002,Talking and Singing to the Baby During Pregnancy,Prenatal,Begin early familiarity with the caregivers' voices and the rhythm of home language,help your baby start getting to know your voices and the rhythm of your home language,Its aim is to help your baby start getting to know your voice and the rhythm of your home language.,16,"""the caregivers' voices"" -> ""your voices"" (second person).",yes,help your baby start getting to know your voice and the rhythm of your home language
ACT-0003,Peekaboo,6-12 months,"Support social turn-taking, shared joy, and an early understanding that people still exist when hidden","help your baby take turns, share fun with you, and learn that people are still there when hidden","Its aim is to help your baby take turns, share fun with you, and learn that people are still there when hidden.",18,"""shared joy"" -> ""share fun with you"".",yes,
ACT-0004,Naming Everyday Objects,12-18 months,Grow receptive and expressive vocabulary by linking words to real objects,help your child understand and say more words by linking words to real objects,Its aim is to help your child understand and say more words by linking words to real objects.,14,"""receptive and expressive vocabulary"" -> ""understand and say more words"".",yes,
ACT-0005,Stacking Blocks,18-24 months,"Develop problem-solving, cause-and-effect understanding and hand-eye coordination","help your child solve simple problems, see how actions make things happen, and use hands and eyes together","Its aim is to help your child solve simple problems, see how actions make things happen, and use hands and eyes together.",18,"""cause-and-effect"" -> ""see how actions make things happen""; ""hand-eye coordination"" -> ""use hands and eyes together"".",yes,
ACT-0006,Texture Exploration,6-12 months,Build sensory processing and fine motor exploration through touch,help your baby explore different textures by touch,Its aim is to help your baby explore different textures by touch.,8,"Reviewer wording (""make sense of what they feel"" could read as emotions); also covers ""fine motor exploration through touch"".",yes,
ACT-0007,Sorting by Colour and Size,24-36 months,"Develop classification, comparison and early mathematical thinking",help your child notice how things are alike and different,Its aim is to help your child notice how things are alike and different.,10,"Reviewer wording (""an early step in maths"" went beyond the goal).",yes,
ACT-0008,Follow the Leader,24-36 months,"Strengthen gross motor skills, balance and coordination, and the ability to imitate and follow simple instructions","help your child build strength, balance and coordination in whole-body movements, and practise copying and following simple instructions","Its aim is to help your child improve balance and coordination in whole-body movements, and practise copying and following simple instructions.",17,"""gross motor skills"" -> ""whole-body movements"" (used throughout for gross motor).",yes,"help your child improve balance and coordination in whole-body movements, and practise copying and following simple instructions"
ACT-0009,Belly Massage and Gentle Touch,Prenatal,Support early sensory bonding through touch and voice,help you and your baby bond through gentle touch and your voice,Its aim is to help you and your baby bond through gentle touch and your voice.,12,"""sensory bonding"" -> ""bond through gentle touch and your voice"".",yes,
ACT-0010,Face-to-Face Cooing Exchange,0-3 months,Build early emotional connection and turn-taking,help you and your baby feel close and take turns with each other,Its aim is to help you and your baby feel close and take turns with each other.,13,"""emotional connection"" -> ""feel close"".",yes,
ACT-0011,Gentle Rocking to Soothe,0-3 months,Support sensory regulation through calming movement,help your baby settle and feel calm through gentle movement,Its aim is to help your baby settle and feel calm through gentle movement.,10,"Judgement call: ""sensory regulation"" -> ""settle and feel calm"".",yes,
ACT-0012,Mirror Play,3-6 months,Encourage early self-recognition and visual tracking,help your baby begin to notice their own reflection and follow things with their eyes,Its aim is to help your baby begin to recognise themselves and follow things with their eyes.,13,"""self-recognition"" -> ""notice their own reflection"" (it's the mirror activity); ""visual tracking"" -> ""follow things with their eyes"".",yes,help your baby begin to recognise themselves and follow things with their eyes
ACT-0013,Sound-Making Exploration,3-6 months,Support auditory development through varied sounds,help your baby's hearing and listening develop through lots of different sounds,Its aim is to help your baby's listening skills grow through lots of different sounds.,11,"""auditory development"" -> ""hearing and listening"".",yes,help your baby's listening skills grow through lots of different sounds
ACT-0014,Imitating Facial Expressions,6-12 months,Build emotional awareness and social imitation,help your baby notice feelings and learn to copy other people,Its aim is to help your baby notice feelings and learn to copy other people.,11,"""emotional awareness"" -> ""notice feelings""; ""social imitation"" -> ""copy other people"".",yes,
ACT-0015,Crawling Obstacle Path,6-12 months,Develop gross motor coordination and spatial awareness,help your baby coordinate whole-body movements and understand where their body is in space,Its aim is to help your baby coordinate whole-body movements and understand where their body is in space.,14,"""spatial awareness"" -> ""where their body is in space"".",yes,
ACT-0016,Naming Feelings During Daily Routines,12-18 months,Build early emotional vocabulary,help your child learn their first words for feelings,Its aim is to help your child learn their first words for feelings.,9,"""emotional vocabulary"" -> ""words for feelings"".",yes,
ACT-0017,Water Play with Containers,12-18 months,Support sensory exploration through pouring and texture,help your child explore through their senses by pouring and feeling different textures,Its aim is to help your child explore through their senses by pouring and feeling different textures.,13,,yes,
ACT-0018,Simple Turn-Taking Games,18-24 months,Build early cooperation and patience,help your child learn to work together with others and to wait patiently,Its aim is to help your child learn to cooperate and wait patiently.,9,"""cooperation"" -> ""work together with others"".",yes,help your child learn to cooperate and wait patiently
ACT-0019,Matching Shapes to Openings,18-24 months,Develop problem-solving and shape recognition,help your child solve simple problems and recognise shapes,Its aim is to help your child solve simple problems and recognise shapes.,9,,yes,
ACT-0020,Outdoor Nature Walk and Observation,24-36 months,Support sensory exploration through the natural environment,help your child explore nature using their senses,Its aim is to help your child explore nature using their senses.,8,"""natural environment"" -> ""nature"".",yes,
ACT-0021,Retelling a Simple Story,24-36 months,Build narrative and sequencing skills,help your child tell a story and put events in the right order,Its aim is to help your child tell a story and put events in the right order.,13,"""narrative and sequencing skills"" -> ""tell a story and put events in the right order"".",yes,
ACT-0022,Helping with Simple Chores,24-36 months,Build responsibility and a sense of contribution,help your child take responsibility and feel that they are contributing,Its aim is to help your child take responsibility and feel that they are contributing.,11,,yes,
ACT-0023,Animal Sound Imitation Game,3-6 months,Support early sound recognition and vocal play,help your baby recognise sounds and play with their own voice,Its aim is to help your baby recognise sounds and play with their own voice.,11,"""vocal play"" -> ""play with their own voice"".",yes,
ACT-0024,Balancing While Holding Hands,12-18 months,Develop balance and confidence in walking,help your child build balance and confidence in walking,Its aim is to help your child build balance and confidence in walking.,9,,yes,
ACT-0025,Reaching and Kicking at Toys,3-6 months,Develop arm and leg coordination through reaching movements,help your baby learn to coordinate their arms and legs by reaching,Its aim is to help your baby learn to coordinate their arms and legs by reaching.,12,,yes,
ACT-0026,Tracking a Moving Toy,3-6 months,Develop visual tracking and attention,help your baby follow moving things with their eyes and pay attention,Its aim is to help your baby follow moving things with their eyes and pay attention.,12,"""visual tracking"" -> ""follow moving things with their eyes"".",yes,
ACT-0027,Reach-and-Roll Toy Retrieval,6-12 months,Encourage rolling and reaching to build gross motor skills,"encourage your baby to roll and reach, building their whole-body movement skills","Its aim is to encourage your baby to roll and reach, building their whole-body movement skills.",12,"Starts with ""encourage"", as the goal does.",yes,
ACT-0028,Object Permanence Hide and Seek,6-12 months,Build understanding that objects still exist when hidden,help your baby understand that things still exist when they are hidden,Its aim is to help your baby understand that things still exist when they are hidden.,12,,yes,
ACT-0029,Container Fill and Dump Play,12-18 months,Support early problem-solving and cause-and-effect understanding,help your child solve simple problems and see how their actions make things happen,Its aim is to help your child solve simple problems and see how their actions make things happen.,14,,yes,
ACT-0030,Turn-Taking Sound Games,6-12 months,Build early conversational turn-taking,"help your baby learn to take turns, like in a conversation","Its aim is to help your baby learn to take turns, like in a conversation.",11,"""conversational turn-taking"" -> ""take turns, like in a conversation"".",yes,
ACT-0031,Naming Pictures in a Book,12-18 months,Build vocabulary through shared picture naming,help your child learn new words by naming pictures together,Its aim is to help your child learn new words by naming pictures together.,10,"""vocabulary"" -> ""new words"".",yes,
ACT-0032,Supervised Climbing Practice,12-18 months,Build balance and gross motor confidence,help your child build balance and confidence in whole-body movements,Its aim is to help your child build balance and confidence in whole-body movements.,10,,yes,
ACT-0033,Simple One-Step Instruction Games,18-24 months,Build receptive language and instruction-following,help your child understand what you say and follow instructions,Its aim is to help your child understand what you say and follow instructions.,10,"""receptive language"" -> ""understand what you say"".",yes,
ACT-0034,Ball Kicking and Throwing Play,18-24 months,Develop gross motor skills through ball play,help your child develop whole-body movement skills through ball play,Its aim is to help your child develop whole-body movement skills through ball play.,10,,yes,
ACT-0035,Buttons and Knobs Exploration Toy,18-24 months,Support cause-and-effect understanding and fine motor problem-solving,help your child see how actions make things happen and solve small problems with their fingers,Its aim is to help your child see how actions make things happen and solve small problems with their fingers.,16,"""fine motor problem-solving"" -> ""solve small problems with their fingers"".",yes,
ACT-0036,Two-Step Instruction Practice,24-36 months,Build receptive language for multi-step instructions,help your child understand and follow instructions with more than one step,Its aim is to help your child understand and follow instructions with more than one step.,12,"""multi-step"" -> ""more than one step"".",yes,
ACT-0037,Family Rhyme and Song Time,24-36 months,Build phonological awareness through rhyme and song,help your child hear the sounds in words through rhymes and songs,Its aim is to help your child hear the sounds in words through rhymes and songs.,12,"Judgement call: ""phonological awareness"" -> ""hear the sounds in words"".",yes,
ACT-0038,Simple Puzzle and Sorting Play,24-36 months,Build problem-solving and shape/color recognition,help your child solve simple problems and recognise shapes and colours,Its aim is to help your child solve simple problems and recognise shapes and colours.,11,"British spelling (""colours""); no slash.",yes,
ACT-0039,Responding Joyfully to Baby's Movements,Prenatal,Build early bonding and the habit of noticing and answering the baby's signals,help you bond with your baby and get used to noticing and answering their signals,Its aim is to help you bond with your baby and get used to noticing and answering their signals.,15,,yes,
ACT-0040,Soft Songs and Humming Time,Prenatal,"Offer calm, regular sound experiences before birth","give your baby calm, regular sounds to hear before birth","Its aim is to give your baby calm, regular sounds to hear before birth.",10,,yes,
ACT-0041,Family Voices for the Baby,Prenatal,Let the baby become familiar with the voices of the people around them,let your baby get to know the voices of the people around them,Its aim is to let your baby get to know the voices of the people around them.,13,,yes,
ACT-0042,Sharing Hopes and Worries About the Baby,Prenatal,"Support the caregiver's emotional wellbeing, which shapes the baby's early environment","support your emotional wellbeing, which shapes your baby's early surroundings","Its aim is to support your emotional wellbeing, which shapes your baby's early surroundings.",10,"Rewritten in the second person (the goal says ""the caregiver's"").",yes,
ACT-0043,Daily Rest and Relaxing Routine,Prenatal,"Support the caregiver's rest and calm, which affect the baby's wellbeing","support your rest and calm, which both affect your baby's wellbeing","Its aim is to support your rest and calm, which both affect your baby's wellbeing.",11,Rewritten in the second person.,yes,
ACT-0044,End-of-Day Talk as a Couple or Family,Prenatal,Build supportive communication within the family around the baby's arrival,help your family talk and support each other around your baby's arrival,Its aim is to help your family talk and support each other around your baby's arrival.,12,,yes,
ACT-0045,Skin-to-Skin Holding and Comforting,0-3 months,Build a sense of safety and attachment through touch and closeness,help your baby feel safe and bond with you through touch and closeness,Its aim is to help your baby feel safe and bond with you through touch and closeness.,13,"""attachment"" -> ""bond with you"".",yes,
ACT-0046,Gentle Tickle and Touch Play,3-6 months,Build bonding and body awareness through playful touch,"help you and your baby bond, and help your baby learn about their body through playful touch","Its aim is to help you and your baby bond, and help your baby learn about their body through playful touch.",17,"""body awareness"" -> ""learn about their body"".",yes,
ACT-0047,"Calm Voice, Name and Smile",6-12 months,Help the baby feel secure and begin to recognise their own name,help your baby feel secure and begin to recognise their own name,Its aim is to help your baby feel secure and begin to recognise their own name.,12,,yes,
ACT-0048,Cheering On Baby's Efforts,6-12 months,Build confidence and trust through shared delight and cooperation,help your baby build confidence and trust as you enjoy things and work together,Its aim is to help your baby build confidence and trust as you enjoy things and work together.,14,"""shared delight and cooperation"" -> ""enjoy things and work together"".",yes,
ACT-0049,Daily Happy Time Together,12-18 months,"Strengthen the caregiver-child bond through regular, enjoyable shared time","strengthen the bond between you and your child through regular, enjoyable time together","Its aim is to strengthen the bond between you and your child through regular, enjoyable time together.",13,"Rewritten in the second person (the goal says ""caregiver-child bond"").",yes,
ACT-0050,"Family Songs, Riddles and Stories",24-36 months,"Build a sense of belonging through shared family songs, riddles and stories","help your child feel they belong through family songs, riddles and stories you share","Its aim is to help your child feel they belong through family songs, riddles and stories you share.",14,,yes,
ACT-0051,Showing the Behaviour You Want,24-36 months,Teach positive behaviour by modelling it rather than punishing mistakes,help your child learn positive behaviour by watching you show it,Its aim is to help your child learn positive behaviour by watching you show it.,11,"Drops ""rather than punishing mistakes"", so nothing implies the caregiver punishes.",yes,
ACT-0052,Waiting for Baby's Response,6-12 months,Build conversation skills by giving the baby time to respond,help your baby learn to have a conversation by giving them time to respond,Its aim is to help your baby learn to have a conversation by giving them time to respond.,14,,yes,
ACT-0053,Eye Contact and Mother-Tongue Talk,0-3 months,Build early language exposure and connection through face-to-face talk in the home language,help your baby hear plenty of your home language and feel close to you through face-to-face talk,Its aim is to help your baby hear plenty of your home language and feel close to you through face-to-face talk.,17,"""language exposure"" -> ""hear plenty of your home language"".",yes,
ACT-0054,Counting Everyday Objects Together,24-36 months,Introduce early counting through everyday objects,introduce your child to counting using everyday objects,Its aim is to introduce your child to counting using everyday objects.,8,,yes,
