milestone_key,source,expected_age_months,domain,description,source_reference,notes
CDC-02M-SE-01,CDC,2,Socio-Emotional,Calms down when spoken to or picked up,"CDC Learn the Signs. Act Early. milestone checklist, 2022 revision (Zubler et al., Pediatrics 2022;149(3):e2021052138)",CDC checklist age 2 months: most children (75% or more) reach this by this age.
CDC-02M-SE-02,CDC,2,Socio-Emotional,Looks at your face,"CDC Learn the Signs. Act Early. milestone checklist, 2022 revision (Zubler et al., Pediatrics 2022;149(3):e2021052138)",CDC checklist age 2 months: most children (75% or more) reach this by this age.
CDC-02M-SE-03,CDC,2,Socio-Emotional,Seems happy to see you when you walk up to them,"CDC Learn the Signs. Act Early. milestone checklist, 2022 revision (Zubler et al., Pediatrics 2022;149(3):e2021052138)",CDC checklist age 2 months: most children (75% or more) reach this by this age.
CDC-02M-SE-04,CDC,2,Socio-Emotional,Smiles when you talk to or smile at them,"CDC Learn the Signs. Act Early. milestone checklist, 2022 revision (Zubler et al., Pediatrics 2022;149(3):e2021052138)",CDC checklist age 2 months: most children (75% or more) reach this by this age.
CDC-02M-LA-01,CDC,2,Language,Makes sounds other than crying,"CDC Learn the Signs. Act Early. milestone checklist, 2022 revision (Zubler et al., Pediatrics 2022;149(3):e2021052138)",CDC checklist age 2 months: most children (75% or more) reach this by this age.
CDC-02M-LA-02,CDC,2,Language,Reacts to loud sounds,"CDC Learn the Signs. Act Early. milestone checklist, 2022 revision (Zubler et al., Pediatrics 2022;149(3):e2021052138)",CDC checklist age 2 months: most children (75% or more) reach this by this age.
CDC-02M-CO-01,CDC,2,Cognitive,Watches you as you move,"CDC Learn the Signs. Act Early. milestone checklist, 2022 revision (Zubler et al., Pediatrics 2022;149(3):e2021052138)",CDC checklist age 2 months: most children (75% or more) reach this by this age.
CDC-02M-CO-02,CDC,2,Cognitive,Looks at a toy for several seconds,"CDC Learn the Signs. Act Early. milestone checklist, 2022 revision (Zubler et al., Pediatrics 2022;149(3):e2021052138)",CDC checklist age 2 months: most children (75% or more) reach this by this age.
CDC-02M-MO-01,CDC,2,Motor,Holds head up when on tummy,"CDC Learn the Signs. Act Early. milestone checklist, 2022 revision (Zubler et al., Pediatrics 2022;149(3):e2021052138)",CDC checklist age 2 months: most children (75% or more) reach this by this age.
CDC-02M-MO-02,CDC,2,Motor,Moves both arms and both legs,"CDC Learn the Signs. Act Early. milestone checklist, 2022 revision (Zubler et al., Pediatrics 2022;149(3):e2021052138)",CDC checklist age 2 months: most children (75% or more) reach this by this age.
CDC-02M-MO-03,CDC,2,Motor,Opens hands briefly,"CDC Learn the Signs. Act Early. milestone checklist, 2022 revision (Zubler et al., Pediatrics 2022;149(3):e2021052138)",CDC checklist age 2 months: most children (75% or more) reach this by this age.
CDC-04M-SE-01,CDC,4,Socio-Emotional,Smiles on their own to get your attention,"CDC Learn the Signs. Act Early. milestone checklist, 2022 revision (Zubler et al., Pediatrics 2022;149(3):e2021052138)",CDC checklist age 4 months: most children (75% or more) reach this by this age.
CDC-04M-SE-02,CDC,4,Socio-Emotional,Chuckles (not yet a full laugh) when you try to make them laugh,"CDC Learn the Signs. Act Early. milestone checklist, 2022 revision (Zubler et al., Pediatrics 2022;149(3):e2021052138)",CDC checklist age 4 months: most children (75% or more) reach this by this age.
CDC-04M-SE-03,CDC,4,Socio-Emotional,"Looks at you, moves, or makes sounds to get or keep your attention","CDC Learn the Signs. Act Early. milestone checklist, 2022 revision (Zubler et al., Pediatrics 2022;149(3):e2021052138)",CDC checklist age 4 months: most children (75% or more) reach this by this age.
CDC-04M-LA-01,CDC,4,Language,"Makes sounds like ""oooo"" or ""aahh"" (cooing)","CDC Learn the Signs. Act Early. milestone checklist, 2022 revision (Zubler et al., Pediatrics 2022;149(3):e2021052138)",CDC checklist age 4 months: most children (75% or more) reach this by this age.
CDC-04M-LA-02,CDC,4,Language,Makes sounds back when you talk to them,"CDC Learn the Signs. Act Early. milestone checklist, 2022 revision (Zubler et al., Pediatrics 2022;149(3):e2021052138)",CDC checklist age 4 months: most children (75% or more) reach this by this age.
CDC-04M-LA-03,CDC,4,Language,Turns head towards the sound of your voice,"CDC Learn the Signs. Act Early. milestone checklist, 2022 revision (Zubler et al., Pediatrics 2022;149(3):e2021052138)",CDC checklist age 4 months: most children (75% or more) reach this by this age.
CDC-04M-CO-01,CDC,4,Cognitive,"If hungry, opens mouth when they see the breast or bottle","CDC Learn the Signs. Act Early. milestone checklist, 2022 revision (Zubler et al., Pediatrics 2022;149(3):e2021052138)",CDC checklist age 4 months: most children (75% or more) reach this by this age.
CDC-04M-CO-02,CDC,4,Cognitive,Looks at their hands with interest,"CDC Learn the Signs. Act Early. milestone checklist, 2022 revision (Zubler et al., Pediatrics 2022;149(3):e2021052138)",CDC checklist age 4 months: most children (75% or more) reach this by this age.
CDC-04M-MO-01,CDC,4,Motor,Holds head steady without support when you are holding them,"CDC Learn the Signs. Act Early. milestone checklist, 2022 revision (Zubler et al., Pediatrics 2022;149(3):e2021052138)",CDC checklist age 4 months: most children (75% or more) reach this by this age.
CDC-04M-MO-02,CDC,4,Motor,Holds a toy when you put it in their hand,"CDC Learn the Signs. Act Early. milestone checklist, 2022 revision (Zubler et al., Pediatrics 2022;149(3):e2021052138)",CDC checklist age 4 months: most children (75% or more) reach this by this age.
CDC-04M-MO-03,CDC,4,Motor,Uses their arm to swing at toys,"CDC Learn the Signs. Act Early. milestone checklist, 2022 revision (Zubler et al., Pediatrics 2022;149(3):e2021052138)",CDC checklist age 4 months: most children (75% or more) reach this by this age.
CDC-04M-MO-04,CDC,4,Motor,Brings hands to mouth,"CDC Learn the Signs. Act Early. milestone checklist, 2022 revision (Zubler et al., Pediatrics 2022;149(3):e2021052138)",CDC checklist age 4 months: most children (75% or more) reach this by this age.
CDC-04M-MO-05,CDC,4,Motor,Pushes up onto elbows or forearms when on tummy,"CDC Learn the Signs. Act Early. milestone checklist, 2022 revision (Zubler et al., Pediatrics 2022;149(3):e2021052138)",CDC checklist age 4 months: most children (75% or more) reach this by this age.
CDC-06M-SE-01,CDC,6,Socio-Emotional,Knows familiar people,"CDC Learn the Signs. Act Early. milestone checklist, 2022 revision (Zubler et al., Pediatrics 2022;149(3):e2021052138)",CDC checklist age 6 months: most children (75% or more) reach this by this age.
CDC-06M-SE-02,CDC,6,Socio-Emotional,Likes to look at themselves in a mirror,"CDC Learn the Signs. Act Early. milestone checklist, 2022 revision (Zubler et al., Pediatrics 2022;149(3):e2021052138)",CDC checklist age 6 months: most children (75% or more) reach this by this age.
CDC-06M-SE-03,CDC,6,Socio-Emotional,Laughs,"CDC Learn the Signs. Act Early. milestone checklist, 2022 revision (Zubler et al., Pediatrics 2022;149(3):e2021052138)",CDC checklist age 6 months: most children (75% or more) reach this by this age.
CDC-06M-LA-01,CDC,6,Language,Takes turns making sounds with you,"CDC Learn the Signs. Act Early. milestone checklist, 2022 revision (Zubler et al., Pediatrics 2022;149(3):e2021052138)",CDC checklist age 6 months: most children (75% or more) reach this by this age.
CDC-06M-LA-02,CDC,6,Language,"Blows ""raspberries"" (sticks tongue out and blows)","CDC Learn the Signs. Act Early. milestone checklist, 2022 revision (Zubler et al., Pediatrics 2022;149(3):e2021052138)",CDC checklist age 6 months: most children (75% or more) reach this by this age.
CDC-06M-LA-03,CDC,6,Language,Makes squealing noises,"CDC Learn the Signs. Act Early. milestone checklist, 2022 revision (Zubler et al., Pediatrics 2022;149(3):e2021052138)",CDC checklist age 6 months: most children (75% or more) reach this by this age.
CDC-06M-CO-01,CDC,6,Cognitive,Puts things in their mouth to explore them,"CDC Learn the Signs. Act Early. milestone checklist, 2022 revision (Zubler et al., Pediatrics 2022;149(3):e2021052138)",CDC checklist age 6 months: most children (75% or more) reach this by this age.
CDC-06M-CO-02,CDC,6,Cognitive,Reaches to grab a toy they want,"CDC Learn the Signs. Act Early. milestone checklist, 2022 revision (Zubler et al., Pediatrics 2022;149(3):e2021052138)",CDC checklist age 6 months: most children (75% or more) reach this by this age.
CDC-06M-CO-03,CDC,6,Cognitive,Closes lips to show they don't want more food,"CDC Learn the Signs. Act Early. milestone checklist, 2022 revision (Zubler et al., Pediatrics 2022;149(3):e2021052138)",CDC checklist age 6 months: most children (75% or more) reach this by this age.
CDC-06M-MO-01,CDC,6,Motor,Rolls from tummy to back,"CDC Learn the Signs. Act Early. milestone checklist, 2022 revision (Zubler et al., Pediatrics 2022;149(3):e2021052138)",CDC checklist age 6 months: most children (75% or more) reach this by this age.
CDC-06M-MO-02,CDC,6,Motor,Pushes up with straight arms when on tummy,"CDC Learn the Signs. Act Early. milestone checklist, 2022 revision (Zubler et al., Pediatrics 2022;149(3):e2021052138)",CDC checklist age 6 months: most children (75% or more) reach this by this age.
CDC-06M-MO-03,CDC,6,Motor,Leans on hands to support themselves when sitting,"CDC Learn the Signs. Act Early. milestone checklist, 2022 revision (Zubler et al., Pediatrics 2022;149(3):e2021052138)",CDC checklist age 6 months: most children (75% or more) reach this by this age.
CDC-09M-SE-01,CDC,9,Socio-Emotional,"Is shy, clingy, or fearful around strangers","CDC Learn the Signs. Act Early. milestone checklist, 2022 revision (Zubler et al., Pediatrics 2022;149(3):e2021052138)",CDC checklist age 9 months: most children (75% or more) reach this by this age.
CDC-09M-SE-02,CDC,9,Socio-Emotional,"Shows several facial expressions, like happy, sad, angry, and surprised","CDC Learn the Signs. Act Early. milestone checklist, 2022 revision (Zubler et al., Pediatrics 2022;149(3):e2021052138)",CDC checklist age 9 months: most children (75% or more) reach this by this age.
CDC-09M-SE-03,CDC,9,Socio-Emotional,Looks when you call their name,"CDC Learn the Signs. Act Early. milestone checklist, 2022 revision (Zubler et al., Pediatrics 2022;149(3):e2021052138)",CDC checklist age 9 months: most children (75% or more) reach this by this age.
CDC-09M-SE-04,CDC,9,Socio-Emotional,"Reacts when you leave (looks, reaches for you, or cries)","CDC Learn the Signs. Act Early. milestone checklist, 2022 revision (Zubler et al., Pediatrics 2022;149(3):e2021052138)",CDC checklist age 9 months: most children (75% or more) reach this by this age.
CDC-09M-SE-05,CDC,9,Socio-Emotional,Smiles or laughs when you play peek-a-boo,"CDC Learn the Signs. Act Early. milestone checklist, 2022 revision (Zubler et al., Pediatrics 2022;149(3):e2021052138)",CDC checklist age 9 months: most children (75% or more) reach this by this age.
CDC-09M-LA-01,CDC,9,Language,"Makes a lot of different sounds like ""mamamama"" and ""babababa""","CDC Learn the Signs. Act Early. milestone checklist, 2022 revision (Zubler et al., Pediatrics 2022;149(3):e2021052138)",CDC checklist age 9 months: most children (75% or more) reach this by this age.
CDC-09M-LA-02,CDC,9,Language,Lifts arms up to be picked up,"CDC Learn the Signs. Act Early. milestone checklist, 2022 revision (Zubler et al., Pediatrics 2022;149(3):e2021052138)",CDC checklist age 9 months: most children (75% or more) reach this by this age.
CDC-09M-CO-01,CDC,9,Cognitive,Looks for objects when dropped out of sight,"CDC Learn the Signs. Act Early. milestone checklist, 2022 revision (Zubler et al., Pediatrics 2022;149(3):e2021052138)",CDC checklist age 9 months: most children (75% or more) reach this by this age.
CDC-09M-CO-02,CDC,9,Cognitive,Bangs two things together,"CDC Learn the Signs. Act Early. milestone checklist, 2022 revision (Zubler et al., Pediatrics 2022;149(3):e2021052138)",CDC checklist age 9 months: most children (75% or more) reach this by this age.
CDC-09M-MO-01,CDC,9,Motor,Gets to a sitting position by themselves,"CDC Learn the Signs. Act Early. milestone checklist, 2022 revision (Zubler et al., Pediatrics 2022;149(3):e2021052138)",CDC checklist age 9 months: most children (75% or more) reach this by this age.
CDC-09M-MO-02,CDC,9,Motor,Moves things from one hand to the other hand,"CDC Learn the Signs. Act Early. milestone checklist, 2022 revision (Zubler et al., Pediatrics 2022;149(3):e2021052138)",CDC checklist age 9 months: most children (75% or more) reach this by this age.
CDC-09M-MO-03,CDC,9,Motor,"Uses fingers to ""rake"" food towards themselves","CDC Learn the Signs. Act Early. milestone checklist, 2022 revision (Zubler et al., Pediatrics 2022;149(3):e2021052138)",CDC checklist age 9 months: most children (75% or more) reach this by this age.
CDC-09M-MO-04,CDC,9,Motor,Sits without support,"CDC Learn the Signs. Act Early. milestone checklist, 2022 revision (Zubler et al., Pediatrics 2022;149(3):e2021052138)",CDC checklist age 9 months: most children (75% or more) reach this by this age.
CDC-12M-SE-01,CDC,12,Socio-Emotional,"Plays games with you, like pat-a-cake","CDC Learn the Signs. Act Early. milestone checklist, 2022 revision (Zubler et al., Pediatrics 2022;149(3):e2021052138)",CDC checklist age 12 months: most children (75% or more) reach this by this age.
CDC-12M-LA-01,CDC,12,Language,"Waves ""bye-bye""","CDC Learn the Signs. Act Early. milestone checklist, 2022 revision (Zubler et al., Pediatrics 2022;149(3):e2021052138)",CDC checklist age 12 months: most children (75% or more) reach this by this age.
CDC-12M-LA-02,CDC,12,Language,"Calls a parent ""mama"", ""dada"", or another special name","CDC Learn the Signs. Act Early. milestone checklist, 2022 revision (Zubler et al., Pediatrics 2022;149(3):e2021052138)",CDC checklist age 12 months: most children (75% or more) reach this by this age.
CDC-12M-LA-03,CDC,12,Language,"Understands ""no"" (pauses briefly or stops when you say it)","CDC Learn the Signs. Act Early. milestone checklist, 2022 revision (Zubler et al., Pediatrics 2022;149(3):e2021052138)",CDC checklist age 12 months: most children (75% or more) reach this by this age.
CDC-12M-CO-01,CDC,12,Cognitive,"Puts something in a container, like a block in a cup","CDC Learn the Signs. Act Early. milestone checklist, 2022 revision (Zubler et al., Pediatrics 2022;149(3):e2021052138)",CDC checklist age 12 months: most children (75% or more) reach this by this age.
CDC-12M-CO-02,CDC,12,Cognitive,"Looks for things they see you hide, like a toy under a blanket","CDC Learn the Signs. Act Early. milestone checklist, 2022 revision (Zubler et al., Pediatrics 2022;149(3):e2021052138)",CDC checklist age 12 months: most children (75% or more) reach this by this age.
CDC-12M-MO-01,CDC,12,Motor,Pulls up to stand,"CDC Learn the Signs. Act Early. milestone checklist, 2022 revision (Zubler et al., Pediatrics 2022;149(3):e2021052138)",CDC checklist age 12 months: most children (75% or more) reach this by this age.
CDC-12M-MO-02,CDC,12,Motor,"Walks, holding on to furniture","CDC Learn the Signs. Act Early. milestone checklist, 2022 revision (Zubler et al., Pediatrics 2022;149(3):e2021052138)",CDC checklist age 12 months: most children (75% or more) reach this by this age.
CDC-12M-MO-03,CDC,12,Motor,"Drinks from a cup without a lid, as you hold it","CDC Learn the Signs. Act Early. milestone checklist, 2022 revision (Zubler et al., Pediatrics 2022;149(3):e2021052138)",CDC checklist age 12 months: most children (75% or more) reach this by this age.
CDC-12M-MO-04,CDC,12,Motor,"Picks things up between thumb and pointer finger, like small bits of food","CDC Learn the Signs. Act Early. milestone checklist, 2022 revision (Zubler et al., Pediatrics 2022;149(3):e2021052138)",CDC checklist age 12 months: most children (75% or more) reach this by this age.
CDC-15M-SE-01,CDC,15,Socio-Emotional,Copies other children while playing,"CDC Learn the Signs. Act Early. milestone checklist, 2022 revision (Zubler et al., Pediatrics 2022;149(3):e2021052138)",CDC checklist age 15 months: most children (75% or more) reach this by this age.
CDC-15M-SE-02,CDC,15,Socio-Emotional,Shows you an object they like,"CDC Learn the Signs. Act Early. milestone checklist, 2022 revision (Zubler et al., Pediatrics 2022;149(3):e2021052138)",CDC checklist age 15 months: most children (75% or more) reach this by this age.
CDC-15M-SE-03,CDC,15,Socio-Emotional,Claps when excited,"CDC Learn the Signs. Act Early. milestone checklist, 2022 revision (Zubler et al., Pediatrics 2022;149(3):e2021052138)",CDC checklist age 15 months: most children (75% or more) reach this by this age.
CDC-15M-SE-04,CDC,15,Socio-Emotional,Hugs a stuffed doll or other toy,"CDC Learn the Signs. Act Early. milestone checklist, 2022 revision (Zubler et al., Pediatrics 2022;149(3):e2021052138)",CDC checklist age 15 months: most children (75% or more) reach this by this age.
CDC-15M-SE-05,CDC,15,Socio-Emotional,"Shows you affection (hugs, cuddles, or kisses you)","CDC Learn the Signs. Act Early. milestone checklist, 2022 revision (Zubler et al., Pediatrics 2022;149(3):e2021052138)",CDC checklist age 15 months: most children (75% or more) reach this by this age.
CDC-15M-LA-01,CDC,15,Language,"Tries to say one or two words besides ""mama"" or ""dada""","CDC Learn the Signs. Act Early. milestone checklist, 2022 revision (Zubler et al., Pediatrics 2022;149(3):e2021052138)",CDC checklist age 15 months: most children (75% or more) reach this by this age.
CDC-15M-LA-02,CDC,15,Language,Looks at a familiar object when you name it,"CDC Learn the Signs. Act Early. milestone checklist, 2022 revision (Zubler et al., Pediatrics 2022;149(3):e2021052138)",CDC checklist age 15 months: most children (75% or more) reach this by this age.
CDC-15M-LA-03,CDC,15,Language,Follows directions given with both a gesture and words,"CDC Learn the Signs. Act Early. milestone checklist, 2022 revision (Zubler et al., Pediatrics 2022;149(3):e2021052138)",CDC checklist age 15 months: most children (75% or more) reach this by this age.
CDC-15M-LA-04,CDC,15,Language,Points to ask for something or to get help,"CDC Learn the Signs. Act Early. milestone checklist, 2022 revision (Zubler et al., Pediatrics 2022;149(3):e2021052138)",CDC checklist age 15 months: most children (75% or more) reach this by this age.
CDC-15M-CO-01,CDC,15,Cognitive,"Tries to use things the right way, like a phone, cup, or book","CDC Learn the Signs. Act Early. milestone checklist, 2022 revision (Zubler et al., Pediatrics 2022;149(3):e2021052138)",CDC checklist age 15 months: most children (75% or more) reach this by this age.
CDC-15M-CO-02,CDC,15,Cognitive,"Stacks at least two small objects, like blocks","CDC Learn the Signs. Act Early. milestone checklist, 2022 revision (Zubler et al., Pediatrics 2022;149(3):e2021052138)",CDC checklist age 15 months: most children (75% or more) reach this by this age.
CDC-15M-MO-01,CDC,15,Motor,Takes a few steps on their own,"CDC Learn the Signs. Act Early. milestone checklist, 2022 revision (Zubler et al., Pediatrics 2022;149(3):e2021052138)",CDC checklist age 15 months: most children (75% or more) reach this by this age.
CDC-15M-MO-02,CDC,15,Motor,Uses fingers to feed themselves some food,"CDC Learn the Signs. Act Early. milestone checklist, 2022 revision (Zubler et al., Pediatrics 2022;149(3):e2021052138)",CDC checklist age 15 months: most children (75% or more) reach this by this age.
CDC-18M-SE-01,CDC,18,Socio-Emotional,"Moves away from you, but looks to make sure you are close by","CDC Learn the Signs. Act Early. milestone checklist, 2022 revision (Zubler et al., Pediatrics 2022;149(3):e2021052138)",CDC checklist age 18 months: most children (75% or more) reach this by this age.
CDC-18M-SE-02,CDC,18,Socio-Emotional,Points to show you something interesting,"CDC Learn the Signs. Act Early. milestone checklist, 2022 revision (Zubler et al., Pediatrics 2022;149(3):e2021052138)",CDC checklist age 18 months: most children (75% or more) reach this by this age.
CDC-18M-SE-03,CDC,18,Socio-Emotional,Puts hands out for you to wash them,"CDC Learn the Signs. Act Early. milestone checklist, 2022 revision (Zubler et al., Pediatrics 2022;149(3):e2021052138)",CDC checklist age 18 months: most children (75% or more) reach this by this age.
CDC-18M-SE-04,CDC,18,Socio-Emotional,Looks at a few pages in a book with you,"CDC Learn the Signs. Act Early. milestone checklist, 2022 revision (Zubler et al., Pediatrics 2022;149(3):e2021052138)",CDC checklist age 18 months: most children (75% or more) reach this by this age.
CDC-18M-SE-05,CDC,18,Socio-Emotional,Helps you dress them by pushing an arm through a sleeve or lifting a foot,"CDC Learn the Signs. Act Early. milestone checklist, 2022 revision (Zubler et al., Pediatrics 2022;149(3):e2021052138)",CDC checklist age 18 months: most children (75% or more) reach this by this age.
CDC-18M-LA-01,CDC,18,Language,"Tries to say three or more words besides ""mama"" or ""dada""","CDC Learn the Signs. Act Early. milestone checklist, 2022 revision (Zubler et al., Pediatrics 2022;149(3):e2021052138)",CDC checklist age 18 months: most children (75% or more) reach this by this age.
CDC-18M-LA-02,CDC,18,Language,"Follows one-step directions without any gestures, like giving you a toy when you say ""Give it to me""","CDC Learn the Signs. Act Early. milestone checklist, 2022 revision (Zubler et al., Pediatrics 2022;149(3):e2021052138)",CDC checklist age 18 months: most children (75% or more) reach this by this age.
CDC-18M-CO-01,CDC,18,Cognitive,"Copies you doing chores, like sweeping with a broom","CDC Learn the Signs. Act Early. milestone checklist, 2022 revision (Zubler et al., Pediatrics 2022;149(3):e2021052138)",CDC checklist age 18 months: most children (75% or more) reach this by this age.
CDC-18M-CO-02,CDC,18,Cognitive,"Plays with toys in a simple way, like pushing a toy car","CDC Learn the Signs. Act Early. milestone checklist, 2022 revision (Zubler et al., Pediatrics 2022;149(3):e2021052138)",CDC checklist age 18 months: most children (75% or more) reach this by this age.
CDC-18M-MO-01,CDC,18,Motor,Walks without holding on to anyone or anything,"CDC Learn the Signs. Act Early. milestone checklist, 2022 revision (Zubler et al., Pediatrics 2022;149(3):e2021052138)",CDC checklist age 18 months: most children (75% or more) reach this by this age.
CDC-18M-MO-02,CDC,18,Motor,Scribbles,"CDC Learn the Signs. Act Early. milestone checklist, 2022 revision (Zubler et al., Pediatrics 2022;149(3):e2021052138)",CDC checklist age 18 months: most children (75% or more) reach this by this age.
CDC-18M-MO-03,CDC,18,Motor,Drinks from a cup without a lid and may spill sometimes,"CDC Learn the Signs. Act Early. milestone checklist, 2022 revision (Zubler et al., Pediatrics 2022;149(3):e2021052138)",CDC checklist age 18 months: most children (75% or more) reach this by this age.
CDC-18M-MO-04,CDC,18,Motor,Feeds themselves with their fingers,"CDC Learn the Signs. Act Early. milestone checklist, 2022 revision (Zubler et al., Pediatrics 2022;149(3):e2021052138)",CDC checklist age 18 months: most children (75% or more) reach this by this age.
CDC-18M-MO-05,CDC,18,Motor,Tries to use a spoon,"CDC Learn the Signs. Act Early. milestone checklist, 2022 revision (Zubler et al., Pediatrics 2022;149(3):e2021052138)",CDC checklist age 18 months: most children (75% or more) reach this by this age.
CDC-18M-MO-06,CDC,18,Motor,Climbs on and off a couch or chair without help,"CDC Learn the Signs. Act Early. milestone checklist, 2022 revision (Zubler et al., Pediatrics 2022;149(3):e2021052138)",CDC checklist age 18 months: most children (75% or more) reach this by this age.
CDC-24M-SE-01,CDC,24,Socio-Emotional,"Notices when others are hurt or upset, like pausing or looking sad when someone is crying","CDC Learn the Signs. Act Early. milestone checklist, 2022 revision (Zubler et al., Pediatrics 2022;149(3):e2021052138)",CDC checklist age 24 months: most children (75% or more) reach this by this age.
CDC-24M-SE-02,CDC,24,Socio-Emotional,Looks at your face to see how to react in a new situation,"CDC Learn the Signs. Act Early. milestone checklist, 2022 revision (Zubler et al., Pediatrics 2022;149(3):e2021052138)",CDC checklist age 24 months: most children (75% or more) reach this by this age.
CDC-24M-LA-01,CDC,24,Language,"Points to things in a book when you ask, like ""Where is the bear?""","CDC Learn the Signs. Act Early. milestone checklist, 2022 revision (Zubler et al., Pediatrics 2022;149(3):e2021052138)",CDC checklist age 24 months: most children (75% or more) reach this by this age.
CDC-24M-LA-02,CDC,24,Language,"Says at least two words together, like ""More milk""","CDC Learn the Signs. Act Early. milestone checklist, 2022 revision (Zubler et al., Pediatrics 2022;149(3):e2021052138)",CDC checklist age 24 months: most children (75% or more) reach this by this age.
CDC-24M-LA-03,CDC,24,Language,Points to at least two body parts when you ask,"CDC Learn the Signs. Act Early. milestone checklist, 2022 revision (Zubler et al., Pediatrics 2022;149(3):e2021052138)",CDC checklist age 24 months: most children (75% or more) reach this by this age.
CDC-24M-LA-04,CDC,24,Language,"Uses more gestures than just waving and pointing, like blowing a kiss or nodding yes","CDC Learn the Signs. Act Early. milestone checklist, 2022 revision (Zubler et al., Pediatrics 2022;149(3):e2021052138)",CDC checklist age 24 months: most children (75% or more) reach this by this age.
CDC-24M-CO-01,CDC,24,Cognitive,"Holds something in one hand while using the other hand, like holding a container and taking the lid off","CDC Learn the Signs. Act Early. milestone checklist, 2022 revision (Zubler et al., Pediatrics 2022;149(3):e2021052138)",CDC checklist age 24 months: most children (75% or more) reach this by this age.
CDC-24M-CO-02,CDC,24,Cognitive,"Tries to use switches, knobs, or buttons on a toy","CDC Learn the Signs. Act Early. milestone checklist, 2022 revision (Zubler et al., Pediatrics 2022;149(3):e2021052138)",CDC checklist age 24 months: most children (75% or more) reach this by this age.
CDC-24M-CO-03,CDC,24,Cognitive,"Plays with more than one toy at the same time, like putting toy food on a toy plate","CDC Learn the Signs. Act Early. milestone checklist, 2022 revision (Zubler et al., Pediatrics 2022;149(3):e2021052138)",CDC checklist age 24 months: most children (75% or more) reach this by this age.
CDC-24M-MO-01,CDC,24,Motor,Kicks a ball,"CDC Learn the Signs. Act Early. milestone checklist, 2022 revision (Zubler et al., Pediatrics 2022;149(3):e2021052138)",CDC checklist age 24 months: most children (75% or more) reach this by this age.
CDC-24M-MO-02,CDC,24,Motor,Runs,"CDC Learn the Signs. Act Early. milestone checklist, 2022 revision (Zubler et al., Pediatrics 2022;149(3):e2021052138)",CDC checklist age 24 months: most children (75% or more) reach this by this age.
CDC-24M-MO-03,CDC,24,Motor,Walks (not climbs) up a few stairs with or without help,"CDC Learn the Signs. Act Early. milestone checklist, 2022 revision (Zubler et al., Pediatrics 2022;149(3):e2021052138)",CDC checklist age 24 months: most children (75% or more) reach this by this age.
CDC-24M-MO-04,CDC,24,Motor,Eats with a spoon,"CDC Learn the Signs. Act Early. milestone checklist, 2022 revision (Zubler et al., Pediatrics 2022;149(3):e2021052138)",CDC checklist age 24 months: most children (75% or more) reach this by this age.
CDC-30M-SE-01,CDC,30,Socio-Emotional,Plays next to other children and sometimes plays with them,"CDC Learn the Signs. Act Early. milestone checklist, 2022 revision (Zubler et al., Pediatrics 2022;149(3):e2021052138)",CDC checklist age 30 months: most children (75% or more) reach this by this age.
CDC-30M-SE-02,CDC,30,Socio-Emotional,"Shows you what they can do by saying ""Look at me!""","CDC Learn the Signs. Act Early. milestone checklist, 2022 revision (Zubler et al., Pediatrics 2022;149(3):e2021052138)",CDC checklist age 30 months: most children (75% or more) reach this by this age.
CDC-30M-SE-03,CDC,30,Socio-Emotional,"Follows simple routines when told, like helping to pick up toys at clean-up time","CDC Learn the Signs. Act Early. milestone checklist, 2022 revision (Zubler et al., Pediatrics 2022;149(3):e2021052138)",CDC checklist age 30 months: most children (75% or more) reach this by this age.
CDC-30M-LA-01,CDC,30,Language,Says about 50 words,"CDC Learn the Signs. Act Early. milestone checklist, 2022 revision (Zubler et al., Pediatrics 2022;149(3):e2021052138)",CDC checklist age 30 months: most children (75% or more) reach this by this age.
CDC-30M-LA-02,CDC,30,Language,"Says two or more words together with one action word, like ""Doggie run""","CDC Learn the Signs. Act Early. milestone checklist, 2022 revision (Zubler et al., Pediatrics 2022;149(3):e2021052138)",CDC checklist age 30 months: most children (75% or more) reach this by this age.
CDC-30M-LA-03,CDC,30,Language,"Names things in a book when you point and ask ""What is this?""","CDC Learn the Signs. Act Early. milestone checklist, 2022 revision (Zubler et al., Pediatrics 2022;149(3):e2021052138)",CDC checklist age 30 months: most children (75% or more) reach this by this age.
CDC-30M-LA-04,CDC,30,Language,"Says words like ""I"", ""me"", or ""we""","CDC Learn the Signs. Act Early. milestone checklist, 2022 revision (Zubler et al., Pediatrics 2022;149(3):e2021052138)",CDC checklist age 30 months: most children (75% or more) reach this by this age.
CDC-30M-CO-01,CDC,30,Cognitive,"Uses things to pretend, like feeding a block to a doll as if it were food","CDC Learn the Signs. Act Early. milestone checklist, 2022 revision (Zubler et al., Pediatrics 2022;149(3):e2021052138)",CDC checklist age 30 months: most children (75% or more) reach this by this age.
CDC-30M-CO-02,CDC,30,Cognitive,"Shows simple problem-solving skills, like standing on a small stool to reach something","CDC Learn the Signs. Act Early. milestone checklist, 2022 revision (Zubler et al., Pediatrics 2022;149(3):e2021052138)",CDC checklist age 30 months: most children (75% or more) reach this by this age.
CDC-30M-CO-03,CDC,30,Cognitive,"Follows two-step instructions like ""Put the toy down and close the door""","CDC Learn the Signs. Act Early. milestone checklist, 2022 revision (Zubler et al., Pediatrics 2022;149(3):e2021052138)",CDC checklist age 30 months: most children (75% or more) reach this by this age.
CDC-30M-CO-04,CDC,30,Cognitive,"Shows they know at least one colour, like pointing to a red crayon when asked","CDC Learn the Signs. Act Early. milestone checklist, 2022 revision (Zubler et al., Pediatrics 2022;149(3):e2021052138)",CDC checklist age 30 months: most children (75% or more) reach this by this age.
CDC-30M-MO-01,CDC,30,Motor,"Uses hands to twist things, like turning doorknobs or unscrewing lids","CDC Learn the Signs. Act Early. milestone checklist, 2022 revision (Zubler et al., Pediatrics 2022;149(3):e2021052138)",CDC checklist age 30 months: most children (75% or more) reach this by this age.
CDC-30M-MO-02,CDC,30,Motor,"Takes some clothes off by themselves, like loose trousers or an open jacket","CDC Learn the Signs. Act Early. milestone checklist, 2022 revision (Zubler et al., Pediatrics 2022;149(3):e2021052138)",CDC checklist age 30 months: most children (75% or more) reach this by this age.
CDC-30M-MO-03,CDC,30,Motor,Jumps off the ground with both feet,"CDC Learn the Signs. Act Early. milestone checklist, 2022 revision (Zubler et al., Pediatrics 2022;149(3):e2021052138)",CDC checklist age 30 months: most children (75% or more) reach this by this age.
CDC-30M-MO-04,CDC,30,Motor,"Turns book pages, one at a time, when you read together","CDC Learn the Signs. Act Early. milestone checklist, 2022 revision (Zubler et al., Pediatrics 2022;149(3):e2021052138)",CDC checklist age 30 months: most children (75% or more) reach this by this age.
CDC-36M-SE-01,CDC,36,Socio-Emotional,"Calms down within 10 minutes after you leave, like at a childcare drop-off","CDC Learn the Signs. Act Early. milestone checklist, 2022 revision (Zubler et al., Pediatrics 2022;149(3):e2021052138)",CDC checklist age 36 months: most children (75% or more) reach this by this age.
CDC-36M-SE-02,CDC,36,Socio-Emotional,Notices other children and joins them to play,"CDC Learn the Signs. Act Early. milestone checklist, 2022 revision (Zubler et al., Pediatrics 2022;149(3):e2021052138)",CDC checklist age 36 months: most children (75% or more) reach this by this age.
CDC-36M-LA-01,CDC,36,Language,Talks with you in conversation using at least two back-and-forth exchanges,"CDC Learn the Signs. Act Early. milestone checklist, 2022 revision (Zubler et al., Pediatrics 2022;149(3):e2021052138)",CDC checklist age 36 months: most children (75% or more) reach this by this age.
CDC-36M-LA-02,CDC,36,Language,"Asks ""who"", ""what"", ""where"", or ""why"" questions","CDC Learn the Signs. Act Early. milestone checklist, 2022 revision (Zubler et al., Pediatrics 2022;149(3):e2021052138)",CDC checklist age 36 months: most children (75% or more) reach this by this age.
CDC-36M-LA-03,CDC,36,Language,"Says what action is happening in a picture or book when asked, like ""running"" or ""eating""","CDC Learn the Signs. Act Early. milestone checklist, 2022 revision (Zubler et al., Pediatrics 2022;149(3):e2021052138)",CDC checklist age 36 months: most children (75% or more) reach this by this age.
CDC-36M-LA-04,CDC,36,Language,Says their first name when asked,"CDC Learn the Signs. Act Early. milestone checklist, 2022 revision (Zubler et al., Pediatrics 2022;149(3):e2021052138)",CDC checklist age 36 months: most children (75% or more) reach this by this age.
CDC-36M-LA-05,CDC,36,Language,"Talks well enough for others to understand, most of the time","CDC Learn the Signs. Act Early. milestone checklist, 2022 revision (Zubler et al., Pediatrics 2022;149(3):e2021052138)",CDC checklist age 36 months: most children (75% or more) reach this by this age.
CDC-36M-CO-01,CDC,36,Cognitive,Draws a circle when you show them how,"CDC Learn the Signs. Act Early. milestone checklist, 2022 revision (Zubler et al., Pediatrics 2022;149(3):e2021052138)",CDC checklist age 36 months: most children (75% or more) reach this by this age.
CDC-36M-CO-02,CDC,36,Cognitive,"Avoids touching hot objects, like a stove, when you warn them","CDC Learn the Signs. Act Early. milestone checklist, 2022 revision (Zubler et al., Pediatrics 2022;149(3):e2021052138)",CDC checklist age 36 months: most children (75% or more) reach this by this age.
CDC-36M-MO-01,CDC,36,Motor,"Strings items together, like large beads or macaroni","CDC Learn the Signs. Act Early. milestone checklist, 2022 revision (Zubler et al., Pediatrics 2022;149(3):e2021052138)",CDC checklist age 36 months: most children (75% or more) reach this by this age.
CDC-36M-MO-02,CDC,36,Motor,"Puts on some clothes by themselves, like loose trousers or a jacket","CDC Learn the Signs. Act Early. milestone checklist, 2022 revision (Zubler et al., Pediatrics 2022;149(3):e2021052138)",CDC checklist age 36 months: most children (75% or more) reach this by this age.
CDC-36M-MO-03,CDC,36,Motor,Uses a fork,"CDC Learn the Signs. Act Early. milestone checklist, 2022 revision (Zubler et al., Pediatrics 2022;149(3):e2021052138)",CDC checklist age 36 months: most children (75% or more) reach this by this age.
WHO-MO-01,WHO,9.2,Motor,Sitting without support,WHO Multicentre Growth Reference Study Group. WHO Motor Development Study: windows of achievement for six gross motor development milestones. Acta Paediatrica Suppl 2006;450:86-95,WHO window of achievement 3.8-9.2 months (1st-99th percentile); expected age is the window end.
WHO-MO-02,WHO,11.4,Motor,Standing with assistance,WHO Multicentre Growth Reference Study Group. WHO Motor Development Study: windows of achievement for six gross motor development milestones. Acta Paediatrica Suppl 2006;450:86-95,WHO window of achievement 4.8-11.4 months (1st-99th percentile); expected age is the window end.
WHO-MO-03,WHO,13.5,Motor,Hands-and-knees crawling,WHO Multicentre Growth Reference Study Group. WHO Motor Development Study: windows of achievement for six gross motor development milestones. Acta Paediatrica Suppl 2006;450:86-95,"WHO window of achievement 5.2-13.5 months (1st-99th percentile); expected age is the window end. Some healthy children never crawl on hands and knees, so not crawling alone is not a concern."
WHO-MO-04,WHO,13.7,Motor,Walking with assistance,WHO Multicentre Growth Reference Study Group. WHO Motor Development Study: windows of achievement for six gross motor development milestones. Acta Paediatrica Suppl 2006;450:86-95,WHO window of achievement 5.9-13.7 months (1st-99th percentile); expected age is the window end.
WHO-MO-05,WHO,16.9,Motor,Standing alone,WHO Multicentre Growth Reference Study Group. WHO Motor Development Study: windows of achievement for six gross motor development milestones. Acta Paediatrica Suppl 2006;450:86-95,WHO window of achievement 6.9-16.9 months (1st-99th percentile); expected age is the window end.
WHO-MO-06,WHO,17.6,Motor,Walking alone,WHO Multicentre Growth Reference Study Group. WHO Motor Development Study: windows of achievement for six gross motor development milestones. Acta Paediatrica Suppl 2006;450:86-95,WHO window of achievement 8.2-17.6 months (1st-99th percentile); expected age is the window end.
