activity_id,activity_name,developmental_domain,recommended_age_range,developmental_goal,required_materials,difficulty_level,activity_description,cultural_relevance,source,content_status,source_url
ACT-0025,Reaching and Kicking at Toys,Motor,3-6 months,Develop arm and leg coordination through reaching movements,Soft toys placed within reach,Beginner,"Lay the baby on a blanket with a few soft, safe toys nearby and encourage them to reach for, kick at, and bat the toys with their hands and feet.",Requires only soft toys already common in most households,CDC,Draft,https://cdc.gov/act-early/media/pdfs/2025/05/Milestone-Moments-Booklet21_Eng_Sng_FNL-508-1.pdf
ACT-0026,Tracking a Moving Toy,Cognitive,3-6 months,Develop visual tracking and attention,A bright-colored toy,Beginner,"Lay the baby on their back and slowly move a bright-colored toy left to right and up and down at a comfortable distance, watching to see if the baby's eyes follow its movement.",Any brightly colored household object can substitute for a purchased toy,CDC,Draft,https://cdc.gov/act-early/media/pdfs/2025/05/Milestone-Moments-Booklet21_Eng_Sng_FNL-508-1.pdf
ACT-0027,Reach-and-Roll Toy Retrieval,Motor,6-12 months,Encourage rolling and reaching to build gross motor skills,A soft toy,Intermediate,"Place the baby on their tummy or back with a toy just out of reach, and gently encourage them to roll over or stretch to reach it, celebrating when they succeed.",Uses any toy or safe household object already available,CDC,Draft,https://cdc.gov/act-early/media/pdfs/2025/05/Milestone-Moments-Booklet21_Eng_Sng_FNL-508-1.pdf
ACT-0028,Object Permanence Hide and Seek,Cognitive,6-12 months,Build understanding that objects still exist when hidden,A light cloth or small blanket,Beginner,"Cover your head or a favorite toy with a light cloth and see if the baby pulls it away to find what is hidden underneath, repeating the game with excitement each time.",Uses a simple cloth found in any home,CDC,Draft,https://cdc.gov/act-early/media/pdfs/2025/05/Milestone-Moments-Booklet21_Eng_Sng_FNL-508-1.pdf
ACT-0029,Container Fill and Dump Play,Cognitive,12-18 months,Support early problem-solving and cause-and-effect understanding,A small container and a few blocks or safe objects,Intermediate,"Sit with the child and take turns dumping blocks or safe small objects out of a container and putting them back in, narrating the action as you play together.",Uses any small household container and safe objects,CDC,Draft,https://cdc.gov/act-early/media/pdfs/2025/05/Milestone-Moments-Booklet21_Eng_Sng_FNL-508-1.pdf
ACT-0030,Turn-Taking Sound Games,Language,6-12 months,Build early conversational turn-taking,None,Beginner,"When the baby makes a sound, copy it back to them and pause to let them respond, building a simple back-and-forth exchange similar to conversation.",Requires no materials; adaptable to any language the caregiver speaks,CDC,Draft,https://cdc.gov/act-early/media/pdfs/2025/05/Milestone-Moments-Booklet21_Eng_Sng_FNL-508-1.pdf
ACT-0031,Naming Pictures in a Book,Language,12-18 months,Build vocabulary through shared picture naming,A picture book or magazine,Beginner,"Look at a picture book or magazine together and name the objects you see as you point to them, pausing to let the child attempt the word before you repeat it clearly.",Adaptable to any locally available picture book or printed material,CDC,Draft,https://cdc.gov/act-early/media/pdfs/2025/05/Milestone-Moments-Booklet21_Eng_Sng_FNL-508-1.pdf
ACT-0032,Supervised Climbing Practice,Motor,12-18 months,Build balance and gross motor confidence,"A low, stable piece of furniture such as a couch or step",Intermediate,"Under close supervision, allow the child to practice climbing on and off a low, stable piece of furniture, staying close to offer support as needed.",Uses furniture already present in the home,CDC,Draft,https://cdc.gov/act-early/media/pdfs/2025/05/Milestone-Moments-Booklet21_Eng_Sng_FNL-508-1.pdf
ACT-0033,Simple One-Step Instruction Games,Language,18-24 months,Build receptive language and instruction-following,A familiar toy,Beginner,"Give the child a simple one-step instruction without gestures, such as 'give me the toy,' and respond warmly when they follow it, gradually trying different simple requests.",Requires no special materials; adaptable to any home routine,CDC,Draft,https://cdc.gov/act-early/media/pdfs/2025/05/Milestone-Moments-Booklet21_Eng_Sng_FNL-508-1.pdf
ACT-0034,Ball Kicking and Throwing Play,Motor,18-24 months,Develop gross motor skills through ball play,A soft ball,Intermediate,"Give the child a soft ball to kick, roll, and throw back and forth, encouraging them to try each movement in a safe open space.",Uses any soft ball available locally,CDC,Draft,https://cdc.gov/act-early/media/pdfs/2025/05/Milestone-Moments-Booklet21_Eng_Sng_FNL-508-1.pdf
ACT-0035,Buttons and Knobs Exploration Toy,Cognitive,18-24 months,Support cause-and-effect understanding and fine motor problem-solving,"A toy with switches, knobs, or buttons",Intermediate,"Provide a safe toy with buttons, switches, or knobs and let the child explore pressing and turning them to see what happens, offering help only when needed.",Can substitute a purchased toy with a safe household item that has simple buttons or dials,CDC,Draft,https://cdc.gov/act-early/media/pdfs/2025/05/Milestone-Moments-Booklet21_Eng_Sng_FNL-508-1.pdf
ACT-0036,Two-Step Instruction Practice,Language,24-36 months,Build receptive language for multi-step instructions,None,Intermediate,"Give the child a simple two-step instruction, such as 'pick up the toy and put it in the basket,' offering gentle guidance the first few times before letting them try independently.",Requires no materials; adaptable to any home routine or language,CDC,Draft,https://cdc.gov/act-early/media/pdfs/2025/05/Milestone-Moments-Booklet21_Eng_Sng_FNL-508-1.pdf
ACT-0037,Family Rhyme and Song Time,Language,24-36 months,Build phonological awareness through rhyme and song,None,Beginner,"Teach the child simple, familiar songs or rhymes appropriate to your language and culture, encouraging them to join in with words or actions as they learn them.","Adaptable to any local songs, rhymes, or lullabies the family already knows",CDC,Draft,https://cdc.gov/act-early/media/pdfs/2025/05/Milestone-Moments-Booklet21_Eng_Sng_FNL-508-1.pdf
ACT-0038,Simple Puzzle and Sorting Play,Cognitive,24-36 months,Build problem-solving and shape/color recognition,"A simple puzzle with shapes, colors, or animals",Intermediate,"Work through a simple puzzle together, naming each piece's shape, color, or animal as the child places it, offering help only when they get stuck.",Can substitute a purchased puzzle with a simple homemade shape-matching activity,CDC,Draft,https://cdc.gov/act-early/media/pdfs/2025/05/Milestone-Moments-Booklet21_Eng_Sng_FNL-508-1.pdf
